Links to profile,Name,Activity
https://www.instagram.com/beyonce/,BeyonceÌ,"['Clothing & Outfits', 'Music', 'Art/Artists']"
https://www.instagram.com/k.mbappe/,Kylian MbappeÌ,['Sports with a ball']
https://www.instagram.com/addisonraee/,addison rae,['Beauty']
https://www.instagram.com/nasa/,NASA,"['Science', 'Photography']"
https://www.instagram.com/xsqueezie/,xsqueezie,"['Music', 'Lifestyle']"
https://www.instagram.com/emrata/,Emily Ratajkowski,['Modeling']
https://www.instagram.com/antogriezmann/,Antoine Griezmann,['Sports with a ball']
https://www.instagram.com/karimbenzema/,Karim Benzema,['Sports with a ball']
https://www.instagram.com/nabilla/,Nabilla Vergara,['Beauty']
https://www.instagram.com/madisonbeer/,Madison Beer,['Music']
https://www.instagram.com/jessicathivenin/,Jessica Garcia,"['Travel', 'Family']"
https://www.instagram.com/nike/,Nike,"['Fitness & Gym', 'Shopping & Retail', 'Clothing & Outfits']"
https://www.instagram.com/zidane/,zidane,['Sports with a ball']
https://www.instagram.com/caradelevingne/,Cara Delevingne,"['Modeling', 'Cinema & Actors/actresses']"
https://www.instagram.com/lenamahfouf/,aka Lena Situations,"['Literature & Journalism', 'Fashion', 'Shows']"
https://www.instagram.com/leaelui/,Lea Elui G,"['Modeling', 'Lifestyle']"
https://www.instagram.com/mathildtantot/,Mathilde,"['Lifestyle', 'Modeling']"
https://www.instagram.com/levraimcfly/,Mcfly,['Shows']
https://www.instagram.com/yvick/,Mister V,['Music']
https://www.instagram.com/normanthavaud/,Norman Thavaud,['Humor & Fun & Happiness']
https://www.instagram.com/kamilaofficiel/,KAMILA,"['Lifestyle', 'Family']"
https://www.instagram.com/6pri1/,Cyprien,"['Art/Artists', 'Computers & Gadgets']"
https://www.instagram.com/angele_vl/,AngeÌ€le,['Music']
https://www.instagram.com/rafcarlito/,Carlotu,"['Lifestyle', 'Shows']"
https://www.instagram.com/lucas_xx444/,LUCAS,['Art/Artists']
https://www.instagram.com/michou_yt/,Michou âœ¨,"['Lifestyle', 'Shows']"
https://www.instagram.com/psg/,Paris Saint-Germain,['Sports with a ball']
https://www.instagram.com/thibaultgarcia/,T Garcia,['Business & Careers']
https://www.instagram.com/lucyhale/,Lucy Hale,['Cinema & Actors/actresses']
https://www.instagram.com/maevaa.ghennam/,Maeva Ghennam,['Beauty']
https://www.instagram.com/apple/,apple,"['Mobile related', 'Computers & Gadgets']"
https://www.instagram.com/jazztvshow/,Jazz Correia,['Lifestyle']
https://www.instagram.com/maddyburciaga/,ğŸ‡«ğŸ‡· Maddyburciaga ğŸ‡¦ğŸ‡ª,['Lifestyle']
https://www.instagram.com/louisvuitton/,Louis Vuitton,"['Fashion', 'Clothing & Outfits', 'Accessories & Jewellery']"
https://www.instagram.com/juldetp/,ğŸ…¹ğŸ†„ğŸ…» ğŸ“€ğŸ‘½ğŸ’¿,['Music']
https://www.instagram.com/netflixfr/,Netflix France,"['Cinema & Actors/actresses', 'Shows']"
https://www.instagram.com/enjoyphoenix/,Marie Lopez,['Lifestyle']
https://www.instagram.com/inoxtagytb/,Inoxtag,['Shows']
https://www.instagram.com/alix_dmx/,A L I X,['Lifestyle']
https://www.instagram.com/seblafrite/,SEB,"['Lifestyle', 'Music']"
https://www.instagram.com/natoogram/,Nathalie Odzierejko,['Lifestyle']
https://www.instagram.com/julientantiplein/,Julien Tanti,['Cinema & Actors/actresses']
https://www.instagram.com/memphisdepay/,Memphis Depay,['Sports with a ball']
https://www.instagram.com/carlamoreau_____/,Carla Moreau,['Family']
https://www.instagram.com/joyca/,JOYCA,['Lifestyle']
https://www.instagram.com/stephaniedurant/,SteÌphanie Durant ğŸŒµ,['Lifestyle']
https://www.instagram.com/wejdene.bk/,TU HORS DE MA VUE ğŸ’‹,['Music']
https://www.instagram.com/melaniemartialdc/,MeÌlanie Martial DC,"['Family', 'Lifestyle']"
https://www.instagram.com/amixem/,amixem,"['Shows', 'Travel']"
https://www.instagram.com/justriadh/,Ê€Éªá´€á´…Êœ ğŸ˜‡,['Humor & Fun & Happiness']
